review,sentiment
The product quality is excellent and exceeded my expectations.,Positive
I loved the service and the delivery was very fast.,Positive
Amazing product with great quality and beautiful design.,Positive
The customer support team was helpful and friendly.,Positive
I am very happy with my purchase and would recommend it.,Positive
The package arrived early and everything was perfect.,Positive
Excellent value for money and very reliable product.,Positive
The product works perfectly and is easy to use.,Positive
Fantastic service and quick delivery.,Positive
I am impressed with the quality of this product.,Positive
"The product is durable, useful, and well designed.",Positive
Great experience from ordering to delivery.,Positive
The staff was polite and solved my problem quickly.,Positive
I really enjoyed using this product.,Positive
The quality is outstanding for the price.,Positive
Fast shipping and excellent packaging.,Positive
This is one of the best products I have purchased.,Positive
The service was professional and efficient.,Positive
I am satisfied with the product and its performance.,Positive
Wonderful product with excellent customer service.,Positive
The product arrived safely and works very well.,Positive
Very good quality and a pleasant shopping experience.,Positive
I would definitely buy this product again.,Positive
The delivery was quick and the product was perfect.,Positive
Excellent performance and great build quality.,Positive
The support team responded quickly and fixed the issue.,Positive
I am extremely pleased with this purchase.,Positive
The product looks premium and works as expected.,Positive
"Great quality, reasonable price, and fast delivery.",Positive
Everything about my order was smooth and satisfactory.,Positive
The product quality is terrible and very disappointing.,Negative
The product stopped working after two days.,Negative
Very poor customer support and slow response.,Negative
The delivery was extremely late and frustrating.,Negative
I regret buying this product because the quality is poor.,Negative
The package arrived damaged and the product was broken.,Negative
This product is not worth the money.,Negative
The product does not work properly at all.,Negative
Terrible service and very slow delivery.,Negative
I am unhappy with the quality of this product.,Negative
The item broke shortly after I received it.,Negative
The customer service was rude and unhelpful.,Negative
My order was delayed and arrived in bad condition.,Negative
The product performance is horrible.,Negative
I received a defective product.,Negative
The packaging was poor and the item was damaged.,Negative
This was a disappointing shopping experience.,Negative
The product is difficult to use and poorly designed.,Negative
The delivery took much longer than promised.,Negative
I would not recommend this product to anyone.,Negative
The quality is far worse than I expected.,Negative
The support team failed to solve my problem.,Negative
The product became useless after a few days.,Negative
I am very dissatisfied with my purchase.,Negative
The item arrived late and was missing parts.,Negative
The service was slow and frustrating.,Negative
This product has poor performance and low quality.,Negative
The refund process was difficult and disappointing.,Negative
I received the wrong product and customer support did not help.,Negative
The product looks cheap and does not work well.,Negative
The package arrived yesterday.,Neutral
The product is okay for the price.,Neutral
The order was delivered today.,Neutral
The product has a simple design.,Neutral
The package contained the item I ordered.,Neutral
The product works as described in the listing.,Neutral
The delivery took three days.,Neutral
The item is available in two different sizes.,Neutral
The product comes with a standard warranty.,Neutral
I received the package in the afternoon.,Neutral
The product is black and made of plastic.,Neutral
The order was placed on Monday.,Neutral
The package included a user manual.,Neutral
The product has several basic features.,Neutral
The delivery was completed this morning.,Neutral
The item costs 500 rupees.,Neutral
The product is currently available online.,Neutral
The package was delivered to my address.,Neutral
The product requires batteries to operate.,Neutral
The order contains two items.,Neutral
The product size is medium.,Neutral
The package arrived in a regular box.,Neutral
The item is similar to the description.,Neutral
The delivery date was changed to Friday.,Neutral
The product includes a charging cable.,Neutral
The order status shows delivered.,Neutral
The product is available in several colors.,Neutral
The package was received without any missing items.,Neutral
The item can be used indoors.,Neutral
The product comes with basic instructions.,Neutral
